﻿{	"structure": {		"definition": [			{				"id": 1,				"name": "Contact",				"field": [					{						"id": 1,						"name": "ID",						"type": 4					},					{						"id": 2,						"name": "FirstName",						"type": 10					},					{						"id": 3,						"name": "LastName",						"type": 10					},					{						"id": 4,						"name": "Job",						"type": 10					},					{						"id": 5,						"name": "Company",						"type": 10					},					{						"id": 6,						"name": "Email",						"type": 10					},					{						"id": 7,						"name": "Notes",						"type": 10					},					{						"id": 8,						"name": "Phone",						"type": 10					},					{						"id": 9,						"name": "Address",						"type": 10					},					{						"id": 10,						"name": "Location",						"type": 10					},					{						"id": 11,						"name": "Photo",						"type": 12					}				],				"primary_key": {					"field_name": "ID"				}			}		],		"digest": "bf05a18a4af56e548b4040392fa2604c33f8d3a8"	}}